c_messageStringAttribute14,c_messageStringAttribute15,c_messageStringAttribute12,c_messageStringAttribute13,c_messageStringAttribute10,c_messageStringAttribute11,c_messageStringAttribute09,c_messageStringAttribute07,c_messageStringAttribute08,c_messageStringAttribute05,c_messageStringAttribute06,c_messageStringAttribute03,c_messageStringAttribute04,c_messageStringAttribute01,c_messageStringAttribute02
SampleText0,SampleText0,SampleText0,SampleText0,SampleText0,SampleText0,SampleText0,SampleText0,SampleText0,SampleText0,SampleText0,SampleText0,SampleText0,SampleText0,SampleText0
SampleText1,SampleText1,SampleText1,SampleText1,SampleText1,SampleText1,SampleText1,SampleText1,SampleText1,SampleText1,SampleText1,SampleText1,SampleText1,SampleText1,SampleText1
SampleText2,SampleText2,SampleText2,SampleText2,SampleText2,SampleText2,SampleText2,SampleText2,SampleText2,SampleText2,SampleText2,SampleText2,SampleText2,SampleText2,SampleText2
SampleText3,SampleText3,SampleText3,SampleText3,SampleText3,SampleText3,SampleText3,SampleText3,SampleText3,SampleText3,SampleText3,SampleText3,SampleText3,SampleText3,SampleText3
SampleText4,SampleText4,SampleText4,SampleText4,SampleText4,SampleText4,SampleText4,SampleText4,SampleText4,SampleText4,SampleText4,SampleText4,SampleText4,SampleText4,SampleText4
SampleText5,SampleText5,SampleText5,SampleText5,SampleText5,SampleText5,SampleText5,SampleText5,SampleText5,SampleText5,SampleText5,SampleText5,SampleText5,SampleText5,SampleText5
SampleText6,SampleText6,SampleText6,SampleText6,SampleText6,SampleText6,SampleText6,SampleText6,SampleText6,SampleText6,SampleText6,SampleText6,SampleText6,SampleText6,SampleText6
SampleText7,SampleText7,SampleText7,SampleText7,SampleText7,SampleText7,SampleText7,SampleText7,SampleText7,SampleText7,SampleText7,SampleText7,SampleText7,SampleText7,SampleText7
SampleText8,SampleText8,SampleText8,SampleText8,SampleText8,SampleText8,SampleText8,SampleText8,SampleText8,SampleText8,SampleText8,SampleText8,SampleText8,SampleText8,SampleText8
SampleText9,SampleText9,SampleText9,SampleText9,SampleText9,SampleText9,SampleText9,SampleText9,SampleText9,SampleText9,SampleText9,SampleText9,SampleText9,SampleText9,SampleText9
